fraud_type,bank_account_number,beneficiary_id,original_beneficiary_id,duplicate_beneficiary_id,run_id
shared_account,PK3392091230232110,BEN-002731,,,
shared_account,PK3392091230232110,BEN-003597,,,
shared_account,PK3392091230232110,BEN-014613,,,
shared_account,PK1884659543114654,BEN-011602,,,
shared_account,PK1884659543114654,BEN-005509,,,
shared_account,PK1907966734149110,BEN-001741,,,
shared_account,PK1907966734149110,BEN-006806,,,
shared_account,PK1907966734149110,BEN-011685,,,
shared_account,PK1907966734149110,BEN-007558,,,
shared_account,PK3120895147760331,BEN-012550,,,
shared_account,PK3120895147760331,BEN-010254,,,
shared_account,PK6674348481212876,BEN-001430,,,
shared_account,PK6674348481212876,BEN-011064,,,
shared_account,PK6674348481212876,BEN-002433,,,
shared_account,PK6674348481212876,BEN-004355,,,
shared_account,PK7937931863619067,BEN-007034,,,
shared_account,PK7937931863619067,BEN-003075,,,
shared_account,PK4039376866438992,BEN-013560,,,
shared_account,PK4039376866438992,BEN-006472,,,
shared_account,PK4039376866438992,BEN-002333,,,
shared_account,PK1281211062846033,BEN-006714,,,
shared_account,PK1281211062846033,BEN-008885,,,
shared_account,PK1281211062846033,BEN-000953,,,
shared_account,PK1281211062846033,BEN-006465,,,
shared_account,PK9483494552038804,BEN-010045,,,
shared_account,PK9483494552038804,BEN-001953,,,
shared_account,PK9483494552038804,BEN-008512,,,
shared_account,PK9483494552038804,BEN-000156,,,
shared_account,PK7550607067731106,BEN-004399,,,
shared_account,PK7550607067731106,BEN-007165,,,
shared_account,PK7550607067731106,BEN-008686,,,
shared_account,PK3531940014756273,BEN-013610,,,
shared_account,PK3531940014756273,BEN-001554,,,
shared_account,PK3531940014756273,BEN-005048,,,
shared_account,PK3531940014756273,BEN-013786,,,
shared_account,PK6750764414893140,BEN-000437,,,
shared_account,PK6750764414893140,BEN-005053,,,
shared_account,PK6750764414893140,BEN-005267,,,
shared_account,PK6750764414893140,BEN-012700,,,
shared_account,PK8172093064524275,BEN-011698,,,
shared_account,PK8172093064524275,BEN-001316,,,
shared_account,PK8172093064524275,BEN-009418,,,
shared_account,PK5202458205612375,BEN-004730,,,
shared_account,PK5202458205612375,BEN-011812,,,
shared_account,PK5202458205612375,BEN-000477,,,
shared_account,PK5202458205612375,BEN-008064,,,
shared_account,PK8971964269714238,BEN-011745,,,
shared_account,PK8971964269714238,BEN-000794,,,
shared_account,PK6982319924536472,BEN-011271,,,
shared_account,PK6982319924536472,BEN-007275,,,
shared_account,PK6982319924536472,BEN-005718,,,
shared_account,PK8269284909159139,BEN-014909,,,
shared_account,PK8269284909159139,BEN-008528,,,
shared_account,PK8269284909159139,BEN-007452,,,
shared_account,PK7282487621332757,BEN-000569,,,
shared_account,PK7282487621332757,BEN-005123,,,
shared_account,PK7282487621332757,BEN-006177,,,
shared_account,PK7282487621332757,BEN-003102,,,
shared_account,PK2764627866136616,BEN-010462,,,
shared_account,PK2764627866136616,BEN-014614,,,
shared_account,PK2764627866136616,BEN-007893,,,
shared_account,PK2764627866136616,BEN-001807,,,
shared_account,PK0086066838473944,BEN-010749,,,
shared_account,PK0086066838473944,BEN-006555,,,
shared_account,PK0086066838473944,BEN-009041,,,
shared_account,PK0086066838473944,BEN-001400,,,
shared_account,PK2595765794945817,BEN-010215,,,
shared_account,PK2595765794945817,BEN-002758,,,
shared_account,PK2595765794945817,BEN-004370,,,
shared_account,PK2784935319156893,BEN-009129,,,
shared_account,PK2784935319156893,BEN-001897,,,
shared_account,PK2784935319156893,BEN-014100,,,
shared_account,PK2784935319156893,BEN-006856,,,
shared_account,PK3659330393842454,BEN-012739,,,
shared_account,PK3659330393842454,BEN-014399,,,
shared_account,PK3659330393842454,BEN-003240,,,
shared_account,PK3659330393842454,BEN-003180,,,
shared_account,PK6679772233497569,BEN-010564,,,
shared_account,PK6679772233497569,BEN-002886,,,
shared_account,PK6679772233497569,BEN-010405,,,
shared_account,PK6679772233497569,BEN-013045,,,
shared_account,PK5717573961720937,BEN-001544,,,
shared_account,PK5717573961720937,BEN-003337,,,
shared_account,PK5717573961720937,BEN-002649,,,
shared_account,PK2914415497408805,BEN-006479,,,
shared_account,PK2914415497408805,BEN-014042,,,
shared_account,PK2914415497408805,BEN-010616,,,
shared_account,PK2914415497408805,BEN-005614,,,
shared_account,PK8014467090282967,BEN-005904,,,
shared_account,PK8014467090282967,BEN-014077,,,
shared_account,PK8014467090282967,BEN-011400,,,
shared_account,PK8014467090282967,BEN-011683,,,
shared_account,PK9754071216081520,BEN-014739,,,
shared_account,PK9754071216081520,BEN-009011,,,
shared_account,PK9754071216081520,BEN-008333,,,
shared_account,PK9754071216081520,BEN-011471,,,
shared_account,PK1797998584132560,BEN-010834,,,
shared_account,PK1797998584132560,BEN-002827,,,
shared_account,PK6546101599637304,BEN-013653,,,
shared_account,PK6546101599637304,BEN-004030,,,
shared_account,PK6546101599637304,BEN-014716,,,
shared_account,PK6546101599637304,BEN-011377,,,
shared_account,PK7534243652013130,BEN-010745,,,
shared_account,PK7534243652013130,BEN-000045,,,
shared_account,PK1729095564099559,BEN-005087,,,
shared_account,PK1729095564099559,BEN-012121,,,
shared_account,PK1729095564099559,BEN-011048,,,
shared_account,PK2807177414135189,BEN-010370,,,
shared_account,PK2807177414135189,BEN-014008,,,
shared_account,PK2807177414135189,BEN-007867,,,
shared_account,PK2807177414135189,BEN-003421,,,
shared_account,PK4994856751339660,BEN-001360,,,
shared_account,PK4994856751339660,BEN-006507,,,
shared_account,PK9483348989886089,BEN-003985,,,
shared_account,PK9483348989886089,BEN-012720,,,
shared_account,PK9483348989886089,BEN-009400,,,
shared_account,PK4434988444790723,BEN-008375,,,
shared_account,PK4434988444790723,BEN-008207,,,
shared_account,PK4434988444790723,BEN-012633,,,
shared_account,PK4826615687374907,BEN-009414,,,
shared_account,PK4826615687374907,BEN-010797,,,
shared_account,PK4826615687374907,BEN-013756,,,
shared_account,PK0018227772672099,BEN-005416,,,
shared_account,PK0018227772672099,BEN-001709,,,
shared_account,PK0018227772672099,BEN-007744,,,
shared_account,PK0018227772672099,BEN-009857,,,
shared_account,PK7200541128053256,BEN-007334,,,
shared_account,PK7200541128053256,BEN-009263,,,
shared_account,PK7200541128053256,BEN-010858,,,
shared_account,PK7200541128053256,BEN-009100,,,
shared_account,PK9795746874806971,BEN-012492,,,
shared_account,PK9795746874806971,BEN-009608,,,
shared_account,PK9795746874806971,BEN-014992,,,
shared_account,PK4317722095469509,BEN-011838,,,
shared_account,PK4317722095469509,BEN-006482,,,
shared_account,PK4317722095469509,BEN-008866,,,
shared_account,PK4317722095469509,BEN-009955,,,
shared_account,PK7580843609870790,BEN-008622,,,
shared_account,PK7580843609870790,BEN-004762,,,
shared_account,PK7580843609870790,BEN-013197,,,
shared_account,PK7580843609870790,BEN-011347,,,
shared_account,PK1310319092754679,BEN-013777,,,
shared_account,PK1310319092754679,BEN-007534,,,
shared_account,PK1310319092754679,BEN-004910,,,
shared_account,PK1310319092754679,BEN-010641,,,
shared_account,PK8307576836625117,BEN-011005,,,
shared_account,PK8307576836625117,BEN-002978,,,
shared_account,PK8307576836625117,BEN-002658,,,
shared_account,PK5669078661932344,BEN-013447,,,
shared_account,PK5669078661932344,BEN-003643,,,
shared_account,PK5669078661932344,BEN-005345,,,
shared_account,PK4996817451216933,BEN-007327,,,
shared_account,PK4996817451216933,BEN-003580,,,
shared_account,PK9413970578456980,BEN-012084,,,
shared_account,PK9413970578456980,BEN-009544,,,
shared_account,PK9413970578456980,BEN-011180,,,
shared_account,PK9413970578456980,BEN-008865,,,
shared_account,PK7714236601171833,BEN-004266,,,
shared_account,PK7714236601171833,BEN-013959,,,
shared_account,PK7714236601171833,BEN-010046,,,
shared_account,PK7714236601171833,BEN-007556,,,
shared_account,PK0286637252832429,BEN-003167,,,
shared_account,PK0286637252832429,BEN-013227,,,
shared_account,PK3153583839670836,BEN-005012,,,
shared_account,PK3153583839670836,BEN-006506,,,
shared_account,PK3153583839670836,BEN-007806,,,
shared_account,PK3153583839670836,BEN-009409,,,
shared_account,PK4391132629265254,BEN-014246,,,
shared_account,PK4391132629265254,BEN-012190,,,
shared_account,PK3089560307158587,BEN-007239,,,
shared_account,PK3089560307158587,BEN-002126,,,
shared_account,PK3089560307158587,BEN-006109,,,
shared_account,PK3089560307158587,BEN-007678,,,
shared_account,PK5003167401194966,BEN-007908,,,
shared_account,PK5003167401194966,BEN-005595,,,
shared_account,PK5003167401194966,BEN-014449,,,
shared_account,PK5003167401194966,BEN-009378,,,
shared_account,PK1606242419361536,BEN-001597,,,
shared_account,PK1606242419361536,BEN-000206,,,
shared_account,PK1606242419361536,BEN-001058,,,
shared_account,PK8184406245723893,BEN-013828,,,
shared_account,PK8184406245723893,BEN-003952,,,
shared_account,PK8184406245723893,BEN-001296,,,
shared_account,PK0153263130831949,BEN-012617,,,
shared_account,PK0153263130831949,BEN-013385,,,
shared_account,PK0153263130831949,BEN-013513,,,
shared_account,PK0153263130831949,BEN-010025,,,
shared_account,PK8415792705963540,BEN-000607,,,
shared_account,PK8415792705963540,BEN-007647,,,
shared_account,PK8415792705963540,BEN-007405,,,
shared_account,PK2541118687371964,BEN-004373,,,
shared_account,PK2541118687371964,BEN-011857,,,
shared_account,PK1745934153640099,BEN-003586,,,
shared_account,PK1745934153640099,BEN-005854,,,
shared_account,PK2136723722099489,BEN-007104,,,
shared_account,PK2136723722099489,BEN-004988,,,
shared_account,PK2136723722099489,BEN-007410,,,
shared_account,PK8637755868970922,BEN-003411,,,
shared_account,PK8637755868970922,BEN-000117,,,
shared_account,PK8637755868970922,BEN-006569,,,
shared_account,PK8201124847411331,BEN-012570,,,
shared_account,PK8201124847411331,BEN-011859,,,
shared_account,PK8201124847411331,BEN-008432,,,
shared_account,PK1963576034504461,BEN-007969,,,
shared_account,PK1963576034504461,BEN-004547,,,
shared_account,PK1963576034504461,BEN-012010,,,
shared_account,PK1813310065719430,BEN-006150,,,
shared_account,PK1813310065719430,BEN-000020,,,
shared_account,PK1813310065719430,BEN-011749,,,
shared_account,PK1813310065719430,BEN-013787,,,
shared_account,PK8175740710140820,BEN-002287,,,
shared_account,PK8175740710140820,BEN-012789,,,
shared_account,PK8175740710140820,BEN-001151,,,
shared_account,PK8175740710140820,BEN-000849,,,
shared_account,PK9176361338905066,BEN-002779,,,
shared_account,PK9176361338905066,BEN-005883,,,
shared_account,PK9176361338905066,BEN-004013,,,
shared_account,PK9176361338905066,BEN-009785,,,
shared_account,PK0512239908393079,BEN-004482,,,
shared_account,PK0512239908393079,BEN-008335,,,
shared_account,PK9179268577370059,BEN-006793,,,
shared_account,PK9179268577370059,BEN-014694,,,
shared_account,PK6327456875305374,BEN-003810,,,
shared_account,PK6327456875305374,BEN-009760,,,
shared_account,PK4095126982014879,BEN-003540,,,
shared_account,PK4095126982014879,BEN-001932,,,
shared_account,PK1818020055740331,BEN-003338,,,
shared_account,PK1818020055740331,BEN-002541,,,
shared_account,PK1818020055740331,BEN-009901,,,
shared_account,PK1818020055740331,BEN-013453,,,
shared_account,PK0219462332063647,BEN-008797,,,
shared_account,PK0219462332063647,BEN-001620,,,
shared_account,PK0219462332063647,BEN-000016,,,
shared_account,PK2877495583898540,BEN-001170,,,
shared_account,PK2877495583898540,BEN-011815,,,
shared_account,PK2877495583898540,BEN-002998,,,
shared_account,PK2877495583898540,BEN-010035,,,
shared_account,PK7321571184952553,BEN-010949,,,
shared_account,PK7321571184952553,BEN-008867,,,
shared_account,PK3859205620564789,BEN-004749,,,
shared_account,PK3859205620564789,BEN-012107,,,
shared_account,PK3859205620564789,BEN-011936,,,
shared_account,PK5766367327874256,BEN-007561,,,
shared_account,PK5766367327874256,BEN-000292,,,
shared_account,PK4874342830239997,BEN-006532,,,
shared_account,PK4874342830239997,BEN-007453,,,
shared_account,PK4874342830239997,BEN-010124,,,
shared_account,PK8880127824753015,BEN-013317,,,
shared_account,PK8880127824753015,BEN-005956,,,
shared_account,PK8880127824753015,BEN-012411,,,
shared_account,PK8880127824753015,BEN-007780,,,
shared_account,PK3082467232194054,BEN-001555,,,
shared_account,PK3082467232194054,BEN-005507,,,
shared_account,PK3082467232194054,BEN-011087,,,
shared_account,PK9144852477830612,BEN-011071,,,
shared_account,PK9144852477830612,BEN-007863,,,
shared_account,PK9144852477830612,BEN-006368,,,
shared_account,PK9144852477830612,BEN-002778,,,
shared_account,PK7504999225124017,BEN-002448,,,
shared_account,PK7504999225124017,BEN-006488,,,
shared_account,PK8369261485605272,BEN-013299,,,
shared_account,PK8369261485605272,BEN-008593,,,
shared_account,PK8369261485605272,BEN-000636,,,
shared_account,PK1161459169916908,BEN-011003,,,
shared_account,PK1161459169916908,BEN-005294,,,
shared_account,PK1161459169916908,BEN-006558,,,
shared_account,PK9576389866181050,BEN-005948,,,
shared_account,PK9576389866181050,BEN-014045,,,
shared_account,PK8871711580090047,BEN-002237,,,
shared_account,PK8871711580090047,BEN-000701,,,
shared_account,PK8871711580090047,BEN-001132,,,
shared_account,PK8871711580090047,BEN-007932,,,
shared_account,PK3874775022853212,BEN-004420,,,
shared_account,PK3874775022853212,BEN-007877,,,
shared_account,PK5933406217928368,BEN-001459,,,
shared_account,PK5933406217928368,BEN-005824,,,
shared_account,PK9435925502233839,BEN-003451,,,
shared_account,PK9435925502233839,BEN-007805,,,
shared_account,PK9435925502233839,BEN-007287,,,
shared_account,PK9435925502233839,BEN-005444,,,
shared_account,PK6008643761093913,BEN-008738,,,
shared_account,PK6008643761093913,BEN-003327,,,
shared_account,PK6008643761093913,BEN-004337,,,
shared_account,PK7916013507648767,BEN-000667,,,
shared_account,PK7916013507648767,BEN-003141,,,
shared_account,PK7916013507648767,BEN-010080,,,
shared_account,PK1750212402438998,BEN-013504,,,
shared_account,PK1750212402438998,BEN-011407,,,
shared_account,PK4846084097932390,BEN-011320,,,
shared_account,PK4846084097932390,BEN-002096,,,
shared_account,PK4846084097932390,BEN-008813,,,
shared_account,PK5755359211252044,BEN-004200,,,
shared_account,PK5755359211252044,BEN-008505,,,
shared_account,PK3144983608935506,BEN-009404,,,
shared_account,PK3144983608935506,BEN-013241,,,
shared_account,PK3144983608935506,BEN-008810,,,
shared_account,PK0674842953664436,BEN-006544,,,
shared_account,PK0674842953664436,BEN-010020,,,
shared_account,PK0674842953664436,BEN-001383,,,
shared_account,PK0674842953664436,BEN-001181,,,
shared_account,PK1442076710623613,BEN-006764,,,
shared_account,PK1442076710623613,BEN-006718,,,
shared_account,PK5337913187796597,BEN-001088,,,
shared_account,PK5337913187796597,BEN-007883,,,
shared_account,PK4538471909655251,BEN-014954,,,
shared_account,PK4538471909655251,BEN-010378,,,
shared_account,PK4538471909655251,BEN-006741,,,
shared_account,PK4538471909655251,BEN-001959,,,
shared_account,PK2508865308811151,BEN-003440,,,
shared_account,PK2508865308811151,BEN-001232,,,
shared_account,PK2508865308811151,BEN-001888,,,
shared_account,PK1962977216379153,BEN-014118,,,
shared_account,PK1962977216379153,BEN-002561,,,
shared_account,PK4918788138571215,BEN-009208,,,
shared_account,PK4918788138571215,BEN-004227,,,
shared_account,PK4918788138571215,BEN-004492,,,
shared_account,PK4918788138571215,BEN-013680,,,
shared_account,PK8504361618211133,BEN-012014,,,
shared_account,PK8504361618211133,BEN-014930,,,
shared_account,PK8504361618211133,BEN-000129,,,
shared_account,PK8504361618211133,BEN-011226,,,
shared_account,PK2428946461515702,BEN-010592,,,
shared_account,PK2428946461515702,BEN-007683,,,
shared_account,PK2428946461515702,BEN-004526,,,
shared_account,PK0430575381693495,BEN-005322,,,
shared_account,PK0430575381693495,BEN-014291,,,
shared_account,PK0430575381693495,BEN-003418,,,
shared_account,PK1088945149552599,BEN-014393,,,
shared_account,PK1088945149552599,BEN-003374,,,
shared_account,PK1088945149552599,BEN-002153,,,
shared_account,PK1088945149552599,BEN-007801,,,
shared_account,PK2460377420137017,BEN-013621,,,
shared_account,PK2460377420137017,BEN-002059,,,
shared_account,PK2460377420137017,BEN-010840,,,
shared_account,PK2460377420137017,BEN-004695,,,
shared_account,PK8356623301415573,BEN-014097,,,
shared_account,PK8356623301415573,BEN-002931,,,
shared_account,PK8356623301415573,BEN-012926,,,
shared_account,PK8356623301415573,BEN-011982,,,
shared_account,PK0635684050802422,BEN-010181,,,
shared_account,PK0635684050802422,BEN-001672,,,
shared_account,PK0635684050802422,BEN-006030,,,
shared_account,PK3821403279783393,BEN-007950,,,
shared_account,PK3821403279783393,BEN-000886,,,
shared_account,PK2833077399845283,BEN-006938,,,
shared_account,PK2833077399845283,BEN-009099,,,
shared_account,PK2833077399845283,BEN-012475,,,
shared_account,PK2833077399845283,BEN-008579,,,
shared_account,PK9734744974528657,BEN-000340,,,
shared_account,PK9734744974528657,BEN-004894,,,
shared_account,PK9734744974528657,BEN-013930,,,
shared_account,PK2273749527219036,BEN-007861,,,
shared_account,PK2273749527219036,BEN-012080,,,
shared_account,PK5407355965389064,BEN-007478,,,
shared_account,PK5407355965389064,BEN-009161,,,
shared_account,PK5407355965389064,BEN-005886,,,
shared_account,PK5407355965389064,BEN-002963,,,
shared_account,PK6135201152217444,BEN-001790,,,
shared_account,PK6135201152217444,BEN-010891,,,
shared_account,PK8483313623141603,BEN-000789,,,
shared_account,PK8483313623141603,BEN-001676,,,
shared_account,PK8483313623141603,BEN-005840,,,
shared_account,PK8483313623141603,BEN-010619,,,
shared_account,PK9684002160717087,BEN-002036,,,
shared_account,PK9684002160717087,BEN-002063,,,
shared_account,PK9684002160717087,BEN-002213,,,
shared_account,PK8771253053063899,BEN-013316,,,
shared_account,PK8771253053063899,BEN-006043,,,
shared_account,PK8771253053063899,BEN-003423,,,
shared_account,PK1818343824391455,BEN-002914,,,
shared_account,PK1818343824391455,BEN-001878,,,
shared_account,PK1818343824391455,BEN-007815,,,
shared_account,PK1818343824391455,BEN-003694,,,
shared_account,PK7066178391105993,BEN-013087,,,
shared_account,PK7066178391105993,BEN-005005,,,
shared_account,PK7066178391105993,BEN-003462,,,
shared_account,PK7066178391105993,BEN-012737,,,
shared_account,PK0108694056923512,BEN-008710,,,
shared_account,PK0108694056923512,BEN-010939,,,
shared_account,PK4404087882962294,BEN-008068,,,
shared_account,PK4404087882962294,BEN-004165,,,
shared_account,PK8110323608400436,BEN-004764,,,
shared_account,PK8110323608400436,BEN-007211,,,
shared_account,PK8110323608400436,BEN-010905,,,
shared_account,PK8110323608400436,BEN-000711,,,
shared_account,PK6117358861874874,BEN-003176,,,
shared_account,PK6117358861874874,BEN-003559,,,
shared_account,PK6117358861874874,BEN-012925,,,
shared_account,PK6117358861874874,BEN-006395,,,
shared_account,PK9213534577849509,BEN-011108,,,
shared_account,PK9213534577849509,BEN-004911,,,
shared_account,PK9213534577849509,BEN-004723,,,
shared_account,PK8886757858074550,BEN-014461,,,
shared_account,PK8886757858074550,BEN-014383,,,
shared_account,PK8886757858074550,BEN-006886,,,
shared_account,PK8886757858074550,BEN-008768,,,
shared_account,PK7845759185534368,BEN-009097,,,
shared_account,PK7845759185534368,BEN-000494,,,
shared_account,PK8319288463465605,BEN-001658,,,
shared_account,PK8319288463465605,BEN-006207,,,
shared_account,PK8319288463465605,BEN-002294,,,
shared_account,PK8319288463465605,BEN-004288,,,
shared_account,PK0503196206241903,BEN-007527,,,
shared_account,PK0503196206241903,BEN-001535,,,
shared_account,PK0503196206241903,BEN-005175,,,
shared_account,PK1563710095957626,BEN-008483,,,
shared_account,PK1563710095957626,BEN-011536,,,
shared_account,PK0722100129576963,BEN-011888,,,
shared_account,PK0722100129576963,BEN-004057,,,
shared_account,PK0722100129576963,BEN-001190,,,
shared_account,PK0722100129576963,BEN-010156,,,
shared_account,PK9989652619432283,BEN-002073,,,
shared_account,PK9989652619432283,BEN-002525,,,
shared_account,PK9989652619432283,BEN-006893,,,
shared_account,PK0494518723373883,BEN-004259,,,
shared_account,PK0494518723373883,BEN-007320,,,
shared_account,PK0494518723373883,BEN-003796,,,
shared_account,PK8709828909277827,BEN-004960,,,
shared_account,PK8709828909277827,BEN-011408,,,
shared_account,PK8709828909277827,BEN-009178,,,
shared_account,PK1722412941203362,BEN-008436,,,
shared_account,PK1722412941203362,BEN-005708,,,
shared_account,PK1722412941203362,BEN-013476,,,
shared_account,PK1266646015838150,BEN-009545,,,
shared_account,PK1266646015838150,BEN-000239,,,
shared_account,PK6333926646026605,BEN-011480,,,
shared_account,PK6333926646026605,BEN-007496,,,
shared_account,PK9065994279258905,BEN-003987,,,
shared_account,PK9065994279258905,BEN-005028,,,
shared_account,PK9065994279258905,BEN-014653,,,
shared_account,PK9065994279258905,BEN-012065,,,
shared_account,PK8776263588814606,BEN-001195,,,
shared_account,PK8776263588814606,BEN-006490,,,
shared_account,PK8776263588814606,BEN-014901,,,
shared_account,PK7442828892303478,BEN-009627,,,
shared_account,PK7442828892303478,BEN-011352,,,
shared_account,PK8297066616660888,BEN-007311,,,
shared_account,PK8297066616660888,BEN-010825,,,
shared_account,PK0225400898026658,BEN-000377,,,
shared_account,PK0225400898026658,BEN-000832,,,
shared_account,PK0225400898026658,BEN-011465,,,
shared_account,PK9786336953135591,BEN-003287,,,
shared_account,PK9786336953135591,BEN-014684,,,
shared_account,PK9786336953135591,BEN-014350,,,
shared_account,PK9786336953135591,BEN-003882,,,
shared_account,PK6106655884492179,BEN-014953,,,
shared_account,PK6106655884492179,BEN-000405,,,
shared_account,PK3622676073780085,BEN-011485,,,
shared_account,PK3622676073780085,BEN-010418,,,
shared_account,PK3831383049313933,BEN-005015,,,
shared_account,PK3831383049313933,BEN-014780,,,
shared_account,PK9637959983357697,BEN-002447,,,
shared_account,PK9637959983357697,BEN-006548,,,
shared_account,PK9637959983357697,BEN-009439,,,
shared_account,PK9637959983357697,BEN-013819,,,
shared_account,PK7741867604865440,BEN-004467,,,
shared_account,PK7741867604865440,BEN-005826,,,
shared_account,PK5689140401920620,BEN-012236,,,
shared_account,PK5689140401920620,BEN-012680,,,
shared_account,PK5689140401920620,BEN-010455,,,
shared_account,PK3576867110899002,BEN-011777,,,
shared_account,PK3576867110899002,BEN-014833,,,
shared_account,PK3576867110899002,BEN-010862,,,
shared_account,PK3297699188169316,BEN-011901,,,
shared_account,PK3297699188169316,BEN-013338,,,
shared_account,PK3297699188169316,BEN-008070,,,
shared_account,PK3297699188169316,BEN-010774,,,
shared_account,PK6551411070433959,BEN-009139,,,
shared_account,PK6551411070433959,BEN-009895,,,
shared_account,PK4784168124510561,BEN-008583,,,
shared_account,PK4784168124510561,BEN-002775,,,
shared_account,PK4784168124510561,BEN-009123,,,
shared_account,PK0987754286508680,BEN-001406,,,
shared_account,PK0987754286508680,BEN-013472,,,
shared_account,PK0987754286508680,BEN-003274,,,
shared_account,PK8979127131190842,BEN-009040,,,
shared_account,PK8979127131190842,BEN-013269,,,
shared_account,PK8979127131190842,BEN-014419,,,
shared_account,PK7878812428262488,BEN-002519,,,
shared_account,PK7878812428262488,BEN-011359,,,
shared_account,PK7128811340953249,BEN-007052,,,
shared_account,PK7128811340953249,BEN-008534,,,
shared_account,PK7128811340953249,BEN-014099,,,
shared_account,PK0202470422051994,BEN-004684,,,
shared_account,PK0202470422051994,BEN-004726,,,
shared_account,PK0202470422051994,BEN-002003,,,
shared_account,PK3469207376773058,BEN-005180,,,
shared_account,PK3469207376773058,BEN-008535,,,
shared_account,PK3469207376773058,BEN-009348,,,
shared_account,PK3469207376773058,BEN-013401,,,
shared_account,PK0843032483975393,BEN-004893,,,
shared_account,PK0843032483975393,BEN-013699,,,
shared_account,PK0843032483975393,BEN-004688,,,
shared_account,PK0843032483975393,BEN-003154,,,
shared_account,PK4126308434995939,BEN-007332,,,
shared_account,PK4126308434995939,BEN-002683,,,
shared_account,PK0316596372609921,BEN-006846,,,
shared_account,PK0316596372609921,BEN-005495,,,
shared_account,PK0316596372609921,BEN-009391,,,
shared_account,PK0316596372609921,BEN-012354,,,
shared_account,PK6268575166210176,BEN-008212,,,
shared_account,PK6268575166210176,BEN-003727,,,
shared_account,PK6268575166210176,BEN-003534,,,
shared_account,PK6268575166210176,BEN-011504,,,
shared_account,PK8785357177390634,BEN-014616,,,
shared_account,PK8785357177390634,BEN-011184,,,
shared_account,PK8785357177390634,BEN-008837,,,
shared_account,PK7531658650051314,BEN-013121,,,
shared_account,PK7531658650051314,BEN-014452,,,
shared_account,PK7531658650051314,BEN-012112,,,
shared_account,PK3786812376242132,BEN-013822,,,
shared_account,PK3786812376242132,BEN-009440,,,
shared_account,PK3786812376242132,BEN-013687,,,
shared_account,PK9367139486080981,BEN-013353,,,
shared_account,PK9367139486080981,BEN-004858,,,
shared_account,PK6945939052726429,BEN-014277,,,
shared_account,PK6945939052726429,BEN-003277,,,
shared_account,PK6945939052726429,BEN-002232,,,
shared_account,PK6945939052726429,BEN-012667,,,
shared_account,PK0876779287963895,BEN-006763,,,
shared_account,PK0876779287963895,BEN-010503,,,
shared_account,PK0876779287963895,BEN-000318,,,
shared_account,PK4064216150837428,BEN-001528,,,
shared_account,PK4064216150837428,BEN-007555,,,
shared_account,PK5403215175100316,BEN-004545,,,
shared_account,PK5403215175100316,BEN-008148,,,
shared_account,PK8408592288244019,BEN-000290,,,
shared_account,PK8408592288244019,BEN-002336,,,
shared_account,PK8408592288244019,BEN-012409,,,
shared_account,PK0702509527057909,BEN-006825,,,
shared_account,PK0702509527057909,BEN-006794,,,
shared_account,PK0702509527057909,BEN-002202,,,
shared_account,PK0702509527057909,BEN-002869,,,
shared_account,PK3323601782098723,BEN-005784,,,
shared_account,PK3323601782098723,BEN-002318,,,
shared_account,PK3323601782098723,BEN-013441,,,
shared_account,PK4545274296668914,BEN-007443,,,
shared_account,PK4545274296668914,BEN-013658,,,
shared_account,PK1877791231507963,BEN-001696,,,
shared_account,PK1877791231507963,BEN-000666,,,
shared_account,PK1877791231507963,BEN-006719,,,
shared_account,PK5931393706916373,BEN-000075,,,
shared_account,PK5931393706916373,BEN-014144,,,
shared_account,PK5931393706916373,BEN-009734,,,
shared_account,PK0914288105583666,BEN-006961,,,
shared_account,PK0914288105583666,BEN-009690,,,
shared_account,PK0914288105583666,BEN-013593,,,
shared_account,PK0914288105583666,BEN-012349,,,
shared_account,PK8971007789275180,BEN-000792,,,
shared_account,PK8971007789275180,BEN-012531,,,
shared_account,PK8971007789275180,BEN-006453,,,
shared_account,PK8971007789275180,BEN-003674,,,
shared_account,PK8432486627620028,BEN-001018,,,
shared_account,PK8432486627620028,BEN-002245,,,
shared_account,PK7024284349872452,BEN-006957,,,
shared_account,PK7024284349872452,BEN-002520,,,
shared_account,PK0484701316517676,BEN-008214,,,
shared_account,PK0484701316517676,BEN-003685,,,
shared_account,PK0484701316517676,BEN-006624,,,
shared_account,PK1742996290774518,BEN-012309,,,
shared_account,PK1742996290774518,BEN-002702,,,
shared_account,PK1742996290774518,BEN-003977,,,
shared_account,PK1507224095223750,BEN-014162,,,
shared_account,PK1507224095223750,BEN-011582,,,
shared_account,PK1507224095223750,BEN-005092,,,
shared_account,PK1698656664085006,BEN-010458,,,
shared_account,PK1698656664085006,BEN-009073,,,
shared_account,PK4039688196737091,BEN-008646,,,
shared_account,PK4039688196737091,BEN-004831,,,
shared_account,PK1548430027050548,BEN-006505,,,
shared_account,PK1548430027050548,BEN-000249,,,
shared_account,PK1548430027050548,BEN-001332,,,
shared_account,PK4629369663084386,BEN-007896,,,
shared_account,PK4629369663084386,BEN-012833,,,
shared_account,PK4629369663084386,BEN-005414,,,
shared_account,PK6060156778750793,BEN-001972,,,
shared_account,PK6060156778750793,BEN-013459,,,
shared_account,PK6060156778750793,BEN-005510,,,
shared_account,PK5923146573738372,BEN-013773,,,
shared_account,PK5923146573738372,BEN-008993,,,
shared_account,PK9090447527726390,BEN-006360,,,
shared_account,PK9090447527726390,BEN-007238,,,
shared_account,PK9090447527726390,BEN-003494,,,
shared_account,PK9090447527726390,BEN-014949,,,
shared_account,PK1753492584375937,BEN-003339,,,
shared_account,PK1753492584375937,BEN-004344,,,
shared_account,PK1753492584375937,BEN-001052,,,
shared_account,PK1753492584375937,BEN-010611,,,
shared_account,PK1919486244303541,BEN-000160,,,
shared_account,PK1919486244303541,BEN-006616,,,
shared_account,PK9046140883666326,BEN-014938,,,
shared_account,PK9046140883666326,BEN-006851,,,
shared_account,PK8293233458557354,BEN-012790,,,
shared_account,PK8293233458557354,BEN-008256,,,
shared_account,PK3836011817307928,BEN-007751,,,
shared_account,PK3836011817307928,BEN-012049,,,
shared_account,PK1933281868111110,BEN-004372,,,
shared_account,PK1933281868111110,BEN-011772,,,
shared_account,PK1933281868111110,BEN-007027,,,
shared_account,PK9792069873789634,BEN-002994,,,
shared_account,PK9792069873789634,BEN-002256,,,
shared_account,PK9792069873789634,BEN-009942,,,
shared_account,PK2085817587543611,BEN-004670,,,
shared_account,PK2085817587543611,BEN-014312,,,
shared_account,PK2085817587543611,BEN-012616,,,
shared_account,PK8866676924307517,BEN-012548,,,
shared_account,PK8866676924307517,BEN-013911,,,
shared_account,PK1698095204557437,BEN-008307,,,
shared_account,PK1698095204557437,BEN-006913,,,
shared_account,PK4194789479460888,BEN-014644,,,
shared_account,PK4194789479460888,BEN-009477,,,
shared_account,PK4194789479460888,BEN-002999,,,
shared_account,PK3718112102439991,BEN-011054,,,
shared_account,PK3718112102439991,BEN-002611,,,
shared_account,PK1662530201398162,BEN-004778,,,
shared_account,PK1662530201398162,BEN-002242,,,
shared_account,PK1662530201398162,BEN-002623,,,
shared_account,PK1662530201398162,BEN-008104,,,
shared_account,PK7672661161006722,BEN-002553,,,
shared_account,PK7672661161006722,BEN-003344,,,
shared_account,PK7672661161006722,BEN-014966,,,
shared_account,PK7672661161006722,BEN-010463,,,
shared_account,PK6986234799337305,BEN-003018,,,
shared_account,PK6986234799337305,BEN-013362,,,
shared_account,PK6986234799337305,BEN-008078,,,
shared_account,PK6986234799337305,BEN-012169,,,
shared_account,PK2699062523663737,BEN-013100,,,
shared_account,PK2699062523663737,BEN-001047,,,
shared_account,PK8512259314389856,BEN-010748,,,
shared_account,PK8512259314389856,BEN-002546,,,
shared_account,PK8512259314389856,BEN-008062,,,
shared_account,PK3989693050065802,BEN-002531,,,
shared_account,PK3989693050065802,BEN-012130,,,
shared_account,PK3989693050065802,BEN-004790,,,
shared_account,PK5530036663812805,BEN-001267,,,
shared_account,PK5530036663812805,BEN-005124,,,
shared_account,PK1335437788483551,BEN-009115,,,
shared_account,PK1335437788483551,BEN-013135,,,
shared_account,PK8899887958170448,BEN-011391,,,
shared_account,PK8899887958170448,BEN-007094,,,
shared_account,PK8899887958170448,BEN-013889,,,
shared_account,PK7389999795976213,BEN-011230,,,
shared_account,PK7389999795976213,BEN-009359,,,
shared_account,PK7389999795976213,BEN-004605,,,
shared_account,PK7389999795976213,BEN-009823,,,
shared_account,PK9612173264518300,BEN-006617,,,
shared_account,PK9612173264518300,BEN-006372,,,
shared_account,PK1359655687032557,BEN-002021,,,
shared_account,PK1359655687032557,BEN-005586,,,
shared_account,PK1359655687032557,BEN-006610,,,
shared_account,PK1359655687032557,BEN-001727,,,
shared_account,PK0352934630048953,BEN-000487,,,
shared_account,PK0352934630048953,BEN-003333,,,
shared_account,PK7927615975623958,BEN-001995,,,
shared_account,PK7927615975623958,BEN-002403,,,
shared_account,PK7927615975623958,BEN-011298,,,
shared_account,PK9194533784760970,BEN-007089,,,
shared_account,PK9194533784760970,BEN-014737,,,
shared_account,PK9194533784760970,BEN-011004,,,
shared_account,PK9194533784760970,BEN-006919,,,
shared_account,PK1056293070018168,BEN-013232,,,
shared_account,PK1056293070018168,BEN-001845,,,
shared_account,PK1056293070018168,BEN-012971,,,
shared_account,PK1056293070018168,BEN-007343,,,
shared_account,PK1959400716469722,BEN-009986,,,
shared_account,PK1959400716469722,BEN-013486,,,
shared_account,PK1959400716469722,BEN-007033,,,
shared_account,PK1959400716469722,BEN-012184,,,
shared_account,PK6407044687891348,BEN-004087,,,
shared_account,PK6407044687891348,BEN-008766,,,
shared_account,PK3711420648791479,BEN-003994,,,
shared_account,PK3711420648791479,BEN-004242,,,
shared_account,PK3711420648791479,BEN-004708,,,
shared_account,PK3711420648791479,BEN-001452,,,
shared_account,PK8990275961910459,BEN-009989,,,
shared_account,PK8990275961910459,BEN-009382,,,
shared_account,PK5265664045329643,BEN-014464,,,
shared_account,PK5265664045329643,BEN-002812,,,
shared_account,PK5265664045329643,BEN-009878,,,
shared_account,PK6739615976276365,BEN-006667,,,
shared_account,PK6739615976276365,BEN-009983,,,
shared_account,PK8622025735885348,BEN-011904,,,
shared_account,PK8622025735885348,BEN-002955,,,
shared_account,PK9605483025905419,BEN-002310,,,
shared_account,PK9605483025905419,BEN-000599,,,
shared_account,PK9605483025905419,BEN-000018,,,
shared_account,PK9605483025905419,BEN-009948,,,
shared_account,PK7329310438327449,BEN-010163,,,
shared_account,PK7329310438327449,BEN-010214,,,
shared_account,PK7329310438327449,BEN-011679,,,
shared_account,PK7329310438327449,BEN-006847,,,
shared_account,PK0927658652106360,BEN-011507,,,
shared_account,PK0927658652106360,BEN-003656,,,
shared_account,PK0927658652106360,BEN-005783,,,
shared_account,PK3279705025402381,BEN-005502,,,
shared_account,PK3279705025402381,BEN-002491,,,
shared_account,PK3279705025402381,BEN-002667,,,
shared_account,PK3279705025402381,BEN-004215,,,
shared_account,PK7001162272123014,BEN-007977,,,
shared_account,PK7001162272123014,BEN-005036,,,
shared_account,PK0421280789707036,BEN-005943,,,
shared_account,PK0421280789707036,BEN-004826,,,
shared_account,PK0421280789707036,BEN-004914,,,
shared_account,PK0421280789707036,BEN-003389,,,
shared_account,PK8989258217092230,BEN-000857,,,
shared_account,PK8989258217092230,BEN-005173,,,
shared_account,PK6964004664876398,BEN-007363,,,
shared_account,PK6964004664876398,BEN-005330,,,
shared_account,PK6964004664876398,BEN-014238,,,
shared_account,PK6964004664876398,BEN-005989,,,
shared_account,PK0525240541116018,BEN-013829,,,
shared_account,PK0525240541116018,BEN-008561,,,
shared_account,PK0525240541116018,BEN-002753,,,
shared_account,PK0525240541116018,BEN-001991,,,
shared_account,PK7049702507874105,BEN-005383,,,
shared_account,PK7049702507874105,BEN-004398,,,
shared_account,PK7049702507874105,BEN-004324,,,
shared_account,PK7049702507874105,BEN-002178,,,
shared_account,PK4546216759303083,BEN-009188,,,
shared_account,PK4546216759303083,BEN-011502,,,
shared_account,PK4546216759303083,BEN-012665,,,
shared_account,PK4546216759303083,BEN-011713,,,
shared_account,PK5750161995218398,BEN-003239,,,
shared_account,PK5750161995218398,BEN-006950,,,
shared_account,PK5750161995218398,BEN-011061,,,
shared_account,PK5750161995218398,BEN-003262,,,
shared_account,PK0298719835995624,BEN-012194,,,
shared_account,PK0298719835995624,BEN-000251,,,
shared_account,PK0298719835995624,BEN-004869,,,
shared_account,PK0298719835995624,BEN-004096,,,
shared_account,PK0319516641707971,BEN-002564,,,
shared_account,PK0319516641707971,BEN-014184,,,
shared_account,PK3613685289635439,BEN-008962,,,
shared_account,PK3613685289635439,BEN-000574,,,
shared_account,PK3613685289635439,BEN-011194,,,
shared_account,PK3613685289635439,BEN-001604,,,
shared_account,PK3524569308362242,BEN-000614,,,
shared_account,PK3524569308362242,BEN-009471,,,
shared_account,PK3524569308362242,BEN-000645,,,
shared_account,PK2106076704503432,BEN-011978,,,
shared_account,PK2106076704503432,BEN-007070,,,
shared_account,PK7383345559400728,BEN-000629,,,
shared_account,PK7383345559400728,BEN-010946,,,
shared_account,PK7383345559400728,BEN-013155,,,
shared_account,PK8762039825033629,BEN-014927,,,
shared_account,PK8762039825033629,BEN-012261,,,
shared_account,PK8762039825033629,BEN-008267,,,
shared_account,PK8762039825033629,BEN-008565,,,
shared_account,PK6786571689170379,BEN-005849,,,
shared_account,PK6786571689170379,BEN-008093,,,
shared_account,PK2820906160975380,BEN-002154,,,
shared_account,PK2820906160975380,BEN-005328,,,
shared_account,PK4874447626562575,BEN-005279,,,
shared_account,PK4874447626562575,BEN-013445,,,
shared_account,PK4874447626562575,BEN-009883,,,
shared_account,PK4874447626562575,BEN-007718,,,
shared_account,PK2369502485770191,BEN-007975,,,
shared_account,PK2369502485770191,BEN-007606,,,
shared_account,PK2613677232608033,BEN-004191,,,
shared_account,PK2613677232608033,BEN-008471,,,
shared_account,PK2613677232608033,BEN-014490,,,
shared_account,PK0297733402959029,BEN-014794,,,
shared_account,PK0297733402959029,BEN-014828,,,
shared_account,PK0297733402959029,BEN-013641,,,
shared_account,PK4235146345730951,BEN-001167,,,
shared_account,PK4235146345730951,BEN-013160,,,
shared_account,PK4235146345730951,BEN-013602,,,
shared_account,PK4118848452759226,BEN-010265,,,
shared_account,PK4118848452759226,BEN-003076,,,
shared_account,PK6001453927640857,BEN-009960,,,
shared_account,PK6001453927640857,BEN-009015,,,
shared_account,PK6001453927640857,BEN-000683,,,
shared_account,PK6001453927640857,BEN-005324,,,
shared_account,PK4784905069856762,BEN-001461,,,
shared_account,PK4784905069856762,BEN-003779,,,
shared_account,PK4784905069856762,BEN-003244,,,
shared_account,PK4784905069856762,BEN-000562,,,
shared_account,PK7314783787488653,BEN-008945,,,
shared_account,PK7314783787488653,BEN-012192,,,
shared_account,PK7314783787488653,BEN-008951,,,
shared_account,PK7314783787488653,BEN-002483,,,
shared_account,PK1933318564157245,BEN-003627,,,
shared_account,PK1933318564157245,BEN-005161,,,
shared_account,PK1933318564157245,BEN-014748,,,
shared_account,PK1933318564157245,BEN-002644,,,
shared_account,PK2031903073795812,BEN-005977,,,
shared_account,PK2031903073795812,BEN-009218,,,
shared_account,PK2031903073795812,BEN-002940,,,
shared_account,PK8884872730688910,BEN-012949,,,
shared_account,PK8884872730688910,BEN-014940,,,
shared_account,PK8884872730688910,BEN-007549,,,
shared_account,PK8884872730688910,BEN-010931,,,
shared_account,PK6394443459782684,BEN-011975,,,
shared_account,PK6394443459782684,BEN-004576,,,
shared_account,PK6394443459782684,BEN-010208,,,
shared_account,PK1729740439465983,BEN-009536,,,
shared_account,PK1729740439465983,BEN-000417,,,
shared_account,PK1729740439465983,BEN-013345,,,
shared_account,PK4248672510217547,BEN-007288,,,
shared_account,PK4248672510217547,BEN-012513,,,
shared_account,PK1475979349044679,BEN-000735,,,
shared_account,PK1475979349044679,BEN-009364,,,
shared_account,PK1475979349044679,BEN-008201,,,
shared_account,PK7412276058069837,BEN-007102,,,
shared_account,PK7412276058069837,BEN-003077,,,
shared_account,PK7412276058069837,BEN-008231,,,
shared_account,PK2783940894745272,BEN-011879,,,
shared_account,PK2783940894745272,BEN-014388,,,
shared_account,PK6858448758839758,BEN-011211,,,
shared_account,PK6858448758839758,BEN-009605,,,
shared_account,PK6858448758839758,BEN-008902,,,
shared_account,PK6858448758839758,BEN-007038,,,
shared_account,PK5895528892575172,BEN-002307,,,
shared_account,PK5895528892575172,BEN-007557,,,
shared_account,PK5895528892575172,BEN-001350,,,
shared_account,PK5895528892575172,BEN-009937,,,
shared_account,PK0714348579212667,BEN-009242,,,
shared_account,PK0714348579212667,BEN-013695,,,
shared_account,PK9641459686110506,BEN-010461,,,
shared_account,PK9641459686110506,BEN-004305,,,
shared_account,PK9641459686110506,BEN-007176,,,
shared_account,PK9641459686110506,BEN-005736,,,
shared_account,PK8117853935071041,BEN-001833,,,
shared_account,PK8117853935071041,BEN-001677,,,
shared_account,PK8117853935071041,BEN-004454,,,
shared_account,PK8117853935071041,BEN-011972,,,
shared_account,PK5245545675793032,BEN-001256,,,
shared_account,PK5245545675793032,BEN-004596,,,
shared_account,PK2890139750742538,BEN-001471,,,
shared_account,PK2890139750742538,BEN-008097,,,
shared_account,PK2890139750742538,BEN-008857,,,
shared_account,PK2890139750742538,BEN-002173,,,
shared_account,PK4897789603028909,BEN-009648,,,
shared_account,PK4897789603028909,BEN-009038,,,
shared_account,PK4897789603028909,BEN-008575,,,
shared_account,PK7988224809599226,BEN-007373,,,
shared_account,PK7988224809599226,BEN-000357,,,
shared_account,PK7988224809599226,BEN-010861,,,
shared_account,PK1346367236389122,BEN-003385,,,
shared_account,PK1346367236389122,BEN-010013,,,
shared_account,PK3245576443003604,BEN-014863,,,
shared_account,PK3245576443003604,BEN-001429,,,
shared_account,PK1256927133954878,BEN-009358,,,
shared_account,PK1256927133954878,BEN-013344,,,
shared_account,PK1256927133954878,BEN-004470,,,
shared_account,PK1256927133954878,BEN-003801,,,
shared_account,PK4269463614404503,BEN-014575,,,
shared_account,PK4269463614404503,BEN-002446,,,
shared_account,PK4269463614404503,BEN-006414,,,
shared_account,PK3594294027685156,BEN-008849,,,
shared_account,PK3594294027685156,BEN-008733,,,
shared_account,PK5526910570982708,BEN-006167,,,
shared_account,PK5526910570982708,BEN-005062,,,
shared_account,PK5526910570982708,BEN-006072,,,
shared_account,PK6646549365793148,BEN-001675,,,
shared_account,PK6646549365793148,BEN-008246,,,
shared_account,PK7867351479151235,BEN-001853,,,
shared_account,PK7867351479151235,BEN-003585,,,
shared_account,PK7196648139855688,BEN-004293,,,
shared_account,PK7196648139855688,BEN-004142,,,
shared_account,PK7196648139855688,BEN-005178,,,
shared_account,PK6629991481680552,BEN-001034,,,
shared_account,PK6629991481680552,BEN-003259,,,
shared_account,PK6629991481680552,BEN-007598,,,
shared_account,PK6629991481680552,BEN-006343,,,
shared_account,PK0508071620560518,BEN-007124,,,
shared_account,PK0508071620560518,BEN-004059,,,
shared_account,PK0508071620560518,BEN-012843,,,
shared_account,PK0508071620560518,BEN-010116,,,
shared_account,PK6791667209009412,BEN-014422,,,
shared_account,PK6791667209009412,BEN-002444,,,
shared_account,PK6791667209009412,BEN-010958,,,
shared_account,PK6791667209009412,BEN-012034,,,
shared_account,PK4880382391902709,BEN-008676,,,
shared_account,PK4880382391902709,BEN-011924,,,
shared_account,PK4880382391902709,BEN-001983,,,
shared_account,PK4880382391902709,BEN-006819,,,
shared_account,PK0619827602368006,BEN-001009,,,
shared_account,PK0619827602368006,BEN-014392,,,
shared_account,PK0619827602368006,BEN-007551,,,
shared_account,PK0619827602368006,BEN-007509,,,
shared_account,PK9342681806215793,BEN-009054,,,
shared_account,PK9342681806215793,BEN-000550,,,
shared_account,PK9342681806215793,BEN-004491,,,
shared_account,PK1270887145112961,BEN-011212,,,
shared_account,PK1270887145112961,BEN-012019,,,
shared_account,PK8974944373743778,BEN-006729,,,
shared_account,PK8974944373743778,BEN-009927,,,
shared_account,PK9364989262735540,BEN-012486,,,
shared_account,PK9364989262735540,BEN-007926,,,
shared_account,PK9364989262735540,BEN-014534,,,
shared_account,PK1056512014373695,BEN-007811,,,
shared_account,PK1056512014373695,BEN-004613,,,
shared_account,PK7794624460169363,BEN-006657,,,
shared_account,PK7794624460169363,BEN-014518,,,
shared_account,PK7794624460169363,BEN-005978,,,
shared_account,PK6763860295922038,BEN-010054,,,
shared_account,PK6763860295922038,BEN-007206,,,
shared_account,PK6763860295922038,BEN-004841,,,
shared_account,PK3374375188465178,BEN-013204,,,
shared_account,PK3374375188465178,BEN-012806,,,
shared_account,PK3374375188465178,BEN-011535,,,
shared_account,PK7055255992747712,BEN-006519,,,
shared_account,PK7055255992747712,BEN-014715,,,
shared_account,PK7055255992747712,BEN-012542,,,
shared_account,PK0709538979298491,BEN-004751,,,
shared_account,PK0709538979298491,BEN-005050,,,
shared_account,PK0709538979298491,BEN-014597,,,
shared_account,PK0709538979298491,BEN-000027,,,
shared_account,PK2345811560026125,BEN-013645,,,
shared_account,PK2345811560026125,BEN-000116,,,
shared_account,PK7180323886833749,BEN-000724,,,
shared_account,PK7180323886833749,BEN-005717,,,
shared_account,PK7180323886833749,BEN-000579,,,
shared_account,PK0472075785283879,BEN-012183,,,
shared_account,PK0472075785283879,BEN-001538,,,
orphan_disbursement,PK0798903843905638,BEN-900000,,,
orphan_disbursement,PK5908365290732033,BEN-900001,,,
orphan_disbursement,PK6123368451890102,BEN-900002,,,
orphan_disbursement,PK1658437275401640,BEN-900003,,,
orphan_disbursement,PK8498211212250953,BEN-900004,,,
orphan_disbursement,PK8362348816519884,BEN-900005,,,
orphan_disbursement,PK8582288500540626,BEN-900006,,,
orphan_disbursement,PK8145262157038693,BEN-900007,,,
orphan_disbursement,PK9653825007564188,BEN-900008,,,
orphan_disbursement,PK4401385054586393,BEN-900009,,,
orphan_disbursement,PK8985838919759013,BEN-900010,,,
orphan_disbursement,PK1280848497604573,BEN-900011,,,
orphan_disbursement,PK7088356520355923,BEN-900012,,,
orphan_disbursement,PK1439279358171764,BEN-900013,,,
orphan_disbursement,PK7695131705434522,BEN-900014,,,
orphan_disbursement,PK9010594324488374,BEN-900015,,,
orphan_disbursement,PK7269416314647871,BEN-900016,,,
orphan_disbursement,PK5302677639111007,BEN-900017,,,
orphan_disbursement,PK4567780026782144,BEN-900018,,,
orphan_disbursement,PK2605210589783785,BEN-900019,,,
orphan_disbursement,PK7238380036885134,BEN-900020,,,
orphan_disbursement,PK1964295205851030,BEN-900021,,,
orphan_disbursement,PK6893062711516462,BEN-900022,,,
orphan_disbursement,PK8733116214524880,BEN-900023,,,
orphan_disbursement,PK5955940986863897,BEN-900024,,,
duplicate_identity,,,BEN-011500,BEN-015001,5acb5142-186c-49a9-8fee-98692688dec3
duplicate_identity,,,BEN-006476,BEN-015002,5acb5142-186c-49a9-8fee-98692688dec3
duplicate_identity,,,BEN-013168,BEN-015003,5acb5142-186c-49a9-8fee-98692688dec3
duplicate_identity,,,BEN-000863,BEN-015004,5acb5142-186c-49a9-8fee-98692688dec3
duplicate_identity,,,BEN-005971,BEN-015005,5acb5142-186c-49a9-8fee-98692688dec3
duplicate_identity,,,BEN-006707,BEN-015006,5acb5142-186c-49a9-8fee-98692688dec3
duplicate_identity,,,BEN-003018,BEN-015007,5acb5142-186c-49a9-8fee-98692688dec3
duplicate_identity,,,BEN-003782,BEN-015008,5acb5142-186c-49a9-8fee-98692688dec3
duplicate_identity,,,BEN-003899,BEN-015009,5acb5142-186c-49a9-8fee-98692688dec3
duplicate_identity,,,BEN-002251,BEN-015010,5acb5142-186c-49a9-8fee-98692688dec3
duplicate_identity,,,BEN-000543,BEN-015011,5acb5142-186c-49a9-8fee-98692688dec3
duplicate_identity,,,BEN-004352,BEN-015012,5acb5142-186c-49a9-8fee-98692688dec3
duplicate_identity,,,BEN-012808,BEN-015013,5acb5142-186c-49a9-8fee-98692688dec3
duplicate_identity,,,BEN-006632,BEN-015014,5acb5142-186c-49a9-8fee-98692688dec3
duplicate_identity,,,BEN-006706,BEN-015015,5acb5142-186c-49a9-8fee-98692688dec3
duplicate_identity,,,BEN-006979,BEN-015016,5acb5142-186c-49a9-8fee-98692688dec3
duplicate_identity,,,BEN-007400,BEN-015017,5acb5142-186c-49a9-8fee-98692688dec3
duplicate_identity,,,BEN-011120,BEN-015018,5acb5142-186c-49a9-8fee-98692688dec3
duplicate_identity,,,BEN-012666,BEN-015019,5acb5142-186c-49a9-8fee-98692688dec3
duplicate_identity,,,BEN-005305,BEN-015020,5acb5142-186c-49a9-8fee-98692688dec3
duplicate_identity,,,BEN-002313,BEN-015021,5acb5142-186c-49a9-8fee-98692688dec3
duplicate_identity,,,BEN-007041,BEN-015022,5acb5142-186c-49a9-8fee-98692688dec3
duplicate_identity,,,BEN-001890,BEN-015023,5acb5142-186c-49a9-8fee-98692688dec3
duplicate_identity,,,BEN-008992,BEN-015024,5acb5142-186c-49a9-8fee-98692688dec3
duplicate_identity,,,BEN-000170,BEN-015025,5acb5142-186c-49a9-8fee-98692688dec3
duplicate_identity,,,BEN-001796,BEN-015026,5acb5142-186c-49a9-8fee-98692688dec3
duplicate_identity,,,BEN-003976,BEN-015027,5acb5142-186c-49a9-8fee-98692688dec3
duplicate_identity,,,BEN-006821,BEN-015028,5acb5142-186c-49a9-8fee-98692688dec3
duplicate_identity,,,BEN-007827,BEN-015029,5acb5142-186c-49a9-8fee-98692688dec3
duplicate_identity,,,BEN-011810,BEN-015030,5acb5142-186c-49a9-8fee-98692688dec3
duplicate_identity,,,BEN-001040,BEN-015031,5acb5142-186c-49a9-8fee-98692688dec3
duplicate_identity,,,BEN-002849,BEN-015032,5acb5142-186c-49a9-8fee-98692688dec3
duplicate_identity,,,BEN-003372,BEN-015033,5acb5142-186c-49a9-8fee-98692688dec3
duplicate_identity,,,BEN-008830,BEN-015034,5acb5142-186c-49a9-8fee-98692688dec3
duplicate_identity,,,BEN-010350,BEN-015035,5acb5142-186c-49a9-8fee-98692688dec3
duplicate_identity,,,BEN-008798,BEN-015036,5acb5142-186c-49a9-8fee-98692688dec3
duplicate_identity,,,BEN-000765,BEN-015037,5acb5142-186c-49a9-8fee-98692688dec3
duplicate_identity,,,BEN-001594,BEN-015038,5acb5142-186c-49a9-8fee-98692688dec3
duplicate_identity,,,BEN-014233,BEN-015039,5acb5142-186c-49a9-8fee-98692688dec3
duplicate_identity,,,BEN-005873,BEN-015040,5acb5142-186c-49a9-8fee-98692688dec3
multivariate_anomaly,,BEN-007085,,,a4667f81-961c-4639-9718-d9496856aa71
multivariate_anomaly,,BEN-005855,,,a4667f81-961c-4639-9718-d9496856aa71
multivariate_anomaly,,BEN-004445,,,a4667f81-961c-4639-9718-d9496856aa71
multivariate_anomaly,,BEN-002870,,,a4667f81-961c-4639-9718-d9496856aa71
multivariate_anomaly,,BEN-007336,,,a4667f81-961c-4639-9718-d9496856aa71
multivariate_anomaly,,BEN-010428,,,a4667f81-961c-4639-9718-d9496856aa71
multivariate_anomaly,,BEN-000758,,,a4667f81-961c-4639-9718-d9496856aa71
multivariate_anomaly,,BEN-003318,,,a4667f81-961c-4639-9718-d9496856aa71
multivariate_anomaly,,BEN-000149,,,a4667f81-961c-4639-9718-d9496856aa71
multivariate_anomaly,,BEN-003508,,,a4667f81-961c-4639-9718-d9496856aa71
multivariate_anomaly,,BEN-006882,,,a4667f81-961c-4639-9718-d9496856aa71
multivariate_anomaly,,BEN-011700,,,a4667f81-961c-4639-9718-d9496856aa71
multivariate_anomaly,,BEN-004271,,,a4667f81-961c-4639-9718-d9496856aa71
multivariate_anomaly,,BEN-005171,,,a4667f81-961c-4639-9718-d9496856aa71
multivariate_anomaly,,BEN-006269,,,a4667f81-961c-4639-9718-d9496856aa71
multivariate_anomaly,,BEN-005798,,,a4667f81-961c-4639-9718-d9496856aa71
multivariate_anomaly,,BEN-003497,,,a4667f81-961c-4639-9718-d9496856aa71
multivariate_anomaly,,BEN-003936,,,a4667f81-961c-4639-9718-d9496856aa71
multivariate_anomaly,,BEN-014728,,,a4667f81-961c-4639-9718-d9496856aa71
multivariate_anomaly,,BEN-014304,,,a4667f81-961c-4639-9718-d9496856aa71
multivariate_anomaly,,BEN-003595,,,a4667f81-961c-4639-9718-d9496856aa71
multivariate_anomaly,,BEN-001140,,,a4667f81-961c-4639-9718-d9496856aa71
multivariate_anomaly,,BEN-006902,,,a4667f81-961c-4639-9718-d9496856aa71
multivariate_anomaly,,BEN-003748,,,a4667f81-961c-4639-9718-d9496856aa71
multivariate_anomaly,,BEN-011820,,,a4667f81-961c-4639-9718-d9496856aa71
